{
  "resolution": "main",
  "tree": {
    "src": "https://raw.githubusercontent.com/types/npm-sequelize/2b7c034ae44746996e23d4644ce83696e71a3ab3/typings.json",
    "raw": "registry:npm/sequelize#4.0.0+20170801015413",
    "main": "index.d.ts",
    "version": "4.0.0-1",
    "dependencies": {
      "bluebird": {
        "src": "https://raw.githubusercontent.com/types/npm-bluebird/c8f9ceb6238ea1a861fed86d82def78ed5b95d7d/typings.json",
        "raw": "registry:npm/bluebird#3.5.0+20170314181206",
        "main": "bluebird.d.ts",
        "version": "3.4.1",
        "name": "bluebird"
      },
      "validator": {
        "src": "https://raw.githubusercontent.com/types/npm-validator/2ff2362c9341b41b781e83bc7c0759c0359be6e2/typings.json",
        "raw": "registry:npm/validator#5.7.0+20160912014851",
        "main": "index.d.ts",
        "version": "5.7.0",
        "name": "validator"
      }
    },
    "name": "sequelize"
  }
}
